<?xml version="1.0" encoding="UTF-8"?>
     <!DOCTYPE mapper PUBLIC "-//mybatis.org//DTD Mapper 3.0//EN"
     "http://mybatis.org/dtd/mybatis-3-mapper.dtd">
     
 <mapper namespace="cn.zju.dao.mapper.FileMapper">
 
    <!-- 分页查找所有和搜索文字匹配的文件  -->
    <select id="getAllFiles" parameterType="cn.zju.action.SearchFileAction" resultType="cn.zju.dao.po.File" >
       SELECT * FROM file WHERE canshare=1 AND filename LIKE '%${searchcontent}%' LIMIT #{startindex},#{pagesize}   
    </select>
    
     <!-- 分页查找某个用户所有的文件  -->
    <select id="getUserFiles" parameterType="cn.zju.action.SearchUserFileAction" resultType="cn.zju.dao.po.File" >
       SELECT * FROM file WHERE filepath=#{filepath} LIMIT #{startindex},#{pagesize}   
    </select>
    
    <!-- 分页查找某个群组的所有的文件  -->
    <select id="getGroupFiles" parameterType="cn.zju.action.SearchGroupFileAction" resultType="cn.zju.dao.po.File" >
        SELECT * FROM file WHERE filepath=#{filepath} LIMIT #{startindex},#{pagesize}
    </select>
    
    <!-- 统计一个用户一共多少文件 -->
    <select id="countUserFiles" parameterType="cn.zju.action.SearchUserFileAction" resultType="int">
       SELECT COUNT(id) as totalrecord FROM file WHERE filepath=#{filepath}
    </select>
    
    <!-- 统计一个群组一共多少文件 -->
    <select id="countGroupFiles" parameterType="cn.zju.action.SearchGroupFileAction" resultType="int">
        SELECT COUNT(id) as totalrecord FROM file WHERE filepath=#{filepath}
    </select>
    
    <!-- 和搜索内容匹配的所有的共享的文件总数 -->
    <select id="countFiles" parameterType="cn.zju.action.SearchFileAction" resultType="int">
       SELECT COUNT(id) as totalrecord FROM file WHERE canshare=1 AND filename LIKE '%${searchcontent}%'
    </select>
    
    <!-- 根据文件id查找文件路径 -->
    <select id="findFilepathById" parameterType="int" resultType="java.lang.String">
       SELECT file.filepath FROM file WHERE id=#{value}
    </select>
    
     <!-- 根据文件id查找文件名 -->
    <select id="findFilenameById" parameterType="int" resultType="java.lang.String">
       SELECT file.filename FROM file WHERE id=#{value}
    </select>
    
    <!-- 根据name查找文件大小（不合适）  -->
    <select id="getFilesizeByName" parameterType="java.lang.String" resultType="int">
        SELECT file.filesize FROM file WHERE filename=#{filename}
    </select>
    <!-- 根据id查找文件大小  -->
    <select id="getFilesizeById" parameterType="int" resultType="int">
        SELECT file.filesize FROM file WHERE id=#{id}
    </select>
    
    <!-- 把用户上传的文件信息写入数据库-->
    <insert id="insertFile" parameterType="cn.zju.dao.po.File" >
       <selectKey keyProperty="id" order="AFTER" resultType="java.lang.Integer">
			SELECT LAST_INSERT_ID()
	   </selectKey> 
       INSERT INTO file (filename,filepath,filesize,createtime,canshare) 
       VALUES(#{filename},#{filepath},#{filesize},#{createtime},#{canshare})
    </insert>
    
    <!-- 根据文件id更新文件是否共享的标记 -->
    <update id="updateFileById" parameterType="cn.zju.action.ChangeFileStatusAction">
        UPDATE FILE SET canshare=#{canshare} WHERE id=#{id}
    </update>
    
    <!-- 根据文件id删除文件记录 -->
    <delete id="deleteFileById" parameterType="int">
        DELETE FROM FILE WHERE id=#{value}
    </delete>
    
    <!-- 根据path删除文件记录 -->
    <delete id="deleteFileByPath" parameterType="int">
        DELETE FROM FILE WHERE filepath=#{path}
    </delete>
    
 </mapper>
 
 
 
 
 
 
 
 
 
