<?xml version="1.0" encoding="UTF-8"?>
 <!DOCTYPE mapper
     PUBLIC "-//mybatis.org//DTD Mapper 3.0//EN"
     "http://mybatis.org/dtd/mybatis-3-mapper.dtd">
 <mapper namespace="cn.zju.dao.mapper.AdminMapper" >
 
     <select id="checkAdmin" parameterType="cn.zju.dao.po.Admin" resultType="java.lang.String" >SELECT admin.adminname FROM admin WHERE adminname=#{adminname} AND password=#{password}
     </select>
     
     <select id="findAdmin" parameterType="java.lang.String" resultType="java.lang.Integer" >
         SELECT admin.id FROM admin WHERE adminname=#{adminname}
     </select>
 
     <insert id="createAdmin" parameterType="cn.zju.dao.po.Admin" >
		<selectKey keyProperty="id" order="AFTER" resultType="java.lang.Integer">
			SELECT LAST_INSERT_ID()
		</selectKey>
        INSERT INTO admin(adminname,password) VALUES(#{adminname},#{password})
     </insert>
     
 </mapper>
