<?xml version="1.0" encoding="UTF-8"?>
     <!DOCTYPE mapper PUBLIC "-//mybatis.org//DTD Mapper 3.0//EN"
     "http://mybatis.org/dtd/mybatis-3-mapper.dtd">
     
 <mapper namespace="cn.zju.dao.mapper.GroupMapper">
 
 
    <select id="checkGroup" parameterType="cn.zju.dao.po.Group" resultType="java.lang.String" >
        SELECT groupname FROM groups WHERE groupname=#{groupname} AND invitecode=#{invitecode}
    </select>
    
    <select id="findGroup" parameterType="java.lang.String" resultType="java.lang.Integer" >
        SELECT groups.id FROM groups WHERE groupname=#{groupname}
    </select>
 
    <insert id="createGroup" parameterType="cn.zju.dao.po.Group" >
        <selectKey keyProperty="id" order="AFTER" resultType="java.lang.Integer">
            SELECT LAST_INSERT_ID()
        </selectKey>
        INSERT INTO groups( groupname,hasmembernum,Arceus,limitmembernum,invitecode)
        VALUES(#{groupname},0,#{Arceus},10,#{invitecode})
    </insert>
    
    <!-- 分页查找所有和搜索文字匹配的群组  -->
    <select id="getAllGroups" parameterType="cn.zju.action.SearchGroupAction" resultType="cn.zju.dao.po.Group" >
       SELECT * FROM groups WHERE groupname LIKE '%${searchcontent}%' LIMIT #{startindex},#{pagesize}
    </select>
    
     <!-- 分页查找某个用户所有的群组  -->
    <select id="getUserGroups" parameterType="cn.zju.action.SearchUserGroupAction" resultType="cn.zju.dao.po.Group" >
       SELECT * FROM relation WHERE userid=#{userid} LIMIT #{startindex},#{pagesize}
    </select>
    
    <!-- 统计一个用户一共多少群组 -->
    <select id="countUserGroupss" parameterType="cn.zju.action.SearchUserGroupAction" resultType="int">
       SELECT COUNT(id) totalrecord FROM relation WHERE userid=#{userid}
    </select>
    
    <!-- 和搜索内容匹配的所有的群组总数 -->
    <select id="countGroups" parameterType="cn.zju.action.SearchGroupAction" resultType="int">
       SELECT COUNT(id) totalrecord FROM groups WHERE  groupname LIKE '%${searchcontent}%'
    </select>
    
    <select id="hasMemberNum" parameterType="java.lang.String" resultType="int">
        SELECT hasmembernum FROM groups WHERE groupname=#{value}
    </select>
    
    <select id="limitMemberNum" parameterType="java.lang.String" resultType="int">
        SELECT limitmembernum FROM groups WHERE groupname=#{value}
    </select>
    
 </mapper>
 
 
 
 
 
 
 
 
 
