<?xml version="1.0" encoding="UTF-8"?>
<!DOCTYPE struts PUBLIC
"-//Apache Software Foundation//DTD Struts Configuration 2.1.7//EN"
"http://struts.apache.org/dtds/struts-2.1.7.dtd">
<struts>
    <!-- action中使用的service将由spring自动按类型注入 -->
    <constant name="struts.objectFactory.spring.autoWire" value="type"></constant>
    
    <constant name="struts.devMode" value="true"></constant>
    <constant name="struts.multipart.maxSize" value="10000000000000"></constant>
    
    <package name="icloud" namespace="/" extends="struts-default">
        
        <action name="requestin" class="cn.zju.action.LoginAction" method="execute">
            <result name="success">/WEB-INF/jsp/login.jsp</result>
        </action>
        
        <action name="adminrequestin" class="cn.zju.action.AdminLoginAction" method="execute">
            <result name="success">/WEB-INF/jsp/adminlogin.jsp</result>
        </action>
        
        <action name="requestup" class="cn.zju.action.LogupAction" method="execute">
            <result name="success">/WEB-INF/jsp/logup.jsp</result>
        </action>
        
        <action name="requestout" class="cn.zju.action.LogoutAction" method="execute">
            <result name="success">/index.jsp</result>
        </action>
        
        <action name="autologin" class="cn.zju.action.AutoLoginAction" method="autoLogin">
            <result type="chain" name="success">searchUserfile</result>
            <result type="redirect" name="input">${pageContext.request.contextPath}/requestin.action</result>
        </action>
        
        <action name="searchUserfile" class="cn.zju.action.SearchUserFileAction" method="execute">
            <result name="success">/WEB-INF/jsp/userhome.jsp</result>
            <result name="input">/index.jsp</result>
        </action>
        
        <action name="searchfile" class="cn.zju.action.SearchFileAction" method="execute">
            <result name="success">/WEB-INF/jsp/showsearchfiles.jsp</result>
            <result name="input">/index.jsp</result>
        </action>
        
        <action name="listfiles" class="cn.zju.action.SearchFileAction" method="listFiles">
            <result name="success">/WEB-INF/jsp/showsearchfiles.jsp</result>
            <result name="input">/index.jsp</result>
        </action>
        
        <action name="logup" class="cn.zju.action.LogupAction" method="logup">
            <result name="success">/WEB-INF/jsp/login.jsp</result>
            <result name="error">/WEB-INF/jsp/logup.jsp</result>
            <result name="input">/WEB-INF/jsp/logup.jsp</result>
        </action>
        
        <action name="login" class="cn.zju.action.LoginAction" method="login">
            <result type="chain" name="success">searchUserfile</result>
            <result name="error">/message.jsp</result>
            <result name="input">/WEB-INF/jsp/login.jsp</result>
        </action>
        
        <action name="adminlogin" class="cn.zju.action.AdminLoginAction" method="login">
            <result type="chain" name="success">/WEB-INF/jsp/adminhome.jsp/</result>
            <result name="error">/message.jsp</result>
            <result name="input">/WEB-INF/jsp/adminlogin.jsp</result>
        </action>
        
        <action name="download" class="cn.zju.action.DownloadAction" method="download">
            <result name="success">/message.jsp</result>
            <result name="input">/message.jsp</result>
        </action>
        
        <action name="upload" class="cn.zju.action.UploadAction" method="upload">
            <result type="chain" name="success">searchUserfile</result>
            <result name="error">/message.jsp</result>
        </action>
        
        <action name="changefilestatus" class="cn.zju.action.ChangeFileStatusAction" method="changeFileStatus">
            <result type="chain" name="success">searchUserfile</result>
            <result name="input">/message.jsp</result>
        </action>
        
        <action name="deletefile" class="cn.zju.action.DeleteFileAction" method="deleteFile">
            <result type="chain" name="success">searchUserfile</result>
            <result name="error">/message.jsp</result>
        </action>
        
        <action name="shutdown" class="cn.zju.action.ShutDown">
            <result name="success">/index.jsp</result>
        </action>
        
    </package>
</struts>
    
    
    
